category,address,price
"Maison 4 pièces 93 m²
Lille 59000 (Lille-Sud)",Lille 59000 (Lille-Sud),192 000 €
"Maison 4 pièces 117 m²
Lille 59800 (Saint-Maurice - Pellevoisin)",Lille 59800 (Saint-Maurice - Pellevoisin),325 500 €
"VILL'ARBOREA (appartements neufs 1 à 5 pièces)
Lille 59160 (Bourg - Délivrance)",Lille 59160 (Bourg - Délivrance),170 000 à 385 000 €
"LILLE VILLA ULMA (appartements neufs 1 à 3 pièces)
Lomme 59160",Lomme 59160,176 400 à 316 320 €
"EDENIUM (appartements neufs 2 à 5 pièces)
Lille 59000 (Lille-Sud)",Lille 59000 (Lille-Sud),111 051 à 317 000 €
"PARENTHESE VERTE (appartements neufs 1 à 4 pièces)
Lille 59000 (Lille-Sud)",Lille 59000 (Lille-Sud),167 000 à 347 000 €
"LES VILLAS DE LA VISSERIE (3 à 5 pièces)
Lille 59000 (Centre-ville - Euralille)",Lille 59000 (Centre-ville - Euralille),390 000 à 680 000 €
"PAVILLON DU JARDIN DES PLANTES (appartements neufs 3 pièces)
Lille 59000 (Moulins)",Lille 59000 (Moulins),233 500 à 246 500 €
"L'INTERLUDE (appartements neufs 1 à 3 pièces)
Lille 59000 (Fives)",Lille 59000 (Fives),119 000 à 203 000 €
"LES JARDINS BO'TANIC (appartements neufs 2 à 3 pièces)
Lomme 59160 (Sud Marais)",Lomme 59160 (Sud Marais),198 000 à 248 000 €
"Appartement 5 pièces 106 m²
Lille 59000 (Centre-ville - Euralille)",Lille 59000 (Centre-ville - Euralille),339 000 €
"Appartement 4 pièces 77 m²
Lille 59800 (Vauban - Esquermes)",Lille 59800 (Vauban - Esquermes),299 000 €
"Appartement 4 pièces 77 m²
Lille 59800 (Vauban - Esquermes)",Lille 59800 (Vauban - Esquermes),299 000 €
"Appartement 3 pièces 72 m²
Lomme 59160 (Sud Marais)",Lomme 59160 (Sud Marais),180 000 €
"Maison 5 pièces 105 m²
Lille 59800 (Fives)",Lille 59800 (Fives),240 000 €
"Appartement 2 pièces 52 m²
Lille 59800 (Saint-Maurice - Pellevoisin)",Lille 59800 (Saint-Maurice - Pellevoisin),199 000 €
"Appartement 4 pièces 76 m²
Lille 59800 (Centre-ville - Euralille)",Lille 59800 (Centre-ville - Euralille),365 000 €
"Appartement 4 pièces 90 m²
Lille 59160 (Sud Marais)",Lille 59160 (Sud Marais),285 150 €
"Appartement 3 pièces 56 m²
Lille 59000 (Wazemmes)",Lille 59000 (Wazemmes),224 000 €
"Appartement 4 pièces 90 m²
Lille 59000 (Centre-ville - Euralille)",Lille 59000 (Centre-ville - Euralille),269 475 €
"Appartement 3 pièces 66 m²
Lille 59000 (Moulins)",Lille 59000 (Moulins),185 000 €
"Maison 9 pièces 160 m²
Lille 59000 (Saint-Maurice - Pellevoisin)",Lille 59000 (Saint-Maurice - Pellevoisin),564 500 €
"Appartement 3 pièces 62 m²
Lille 59800 (Vieux Lille)",Lille 59800 (Vieux Lille),124 740 €
"Maison 4 pièces 101 m²
Lomme 59160 (Bourg - Délivrance)",Lomme 59160 (Bourg - Délivrance),207 750 €
"Appartement 3 pièces 60 m²
Lille 59000 (Wazemmes)",Lille 59000 (Wazemmes),87 620 €
"Appartement 4 pièces 89 m²
Lille 59800 (Fives)",Lille 59800 (Fives),229 500 €
"Studio 29 m²
Lille 59000 (Fives)",Lille 59000 (Fives),177 500 €
"Appartement 4 pièces 80 m²
Lille 59800 (Saint-Maurice - Pellevoisin)",Lille 59800 (Saint-Maurice - Pellevoisin),259 500 €
"Maison 4 pièces 93 m²
Lille 59000 (Vauban - Esquermes)",Lille 59000 (Vauban - Esquermes),41 850 €
"Appartement 7 pièces 204 m²
Lille 59000 (Vauban - Esquermes)",Lille 59000 (Vauban - Esquermes),91 928 €
"Maison 4 pièces 90 m²
Hellemmes-Lille 59260 (Fives)",Hellemmes-Lille 59260 (Fives),116 150 €
"Maison 4 pièces 85 m²
Lille 59000 (Vauban - Esquermes)",Lille 59000 (Vauban - Esquermes),40 200 €
"Appartement 3 pièces 61 m²
Lille 59000 (Vauban - Esquermes)",Lille 59000 (Vauban - Esquermes),40 235 €
"Appartement 1 pièce 25 m²
Lille 59800 (Centre-ville - Euralille)",Lille 59800 (Centre-ville - Euralille),171 000 €
"Appartement 3 pièces 98 m²
Lille 59800 (Centre-ville - Euralille)",Lille 59800 (Centre-ville - Euralille),440 000 €
"Appartement 3 pièces 63 m²
Lille 59000 (Saint-Maurice - Pellevoisin)",Lille 59000 (Saint-Maurice - Pellevoisin),230 000 €
"Appartement 4 pièces 80 m²
Lille 59800 (Saint-Maurice - Pellevoisin)",Lille 59800 (Saint-Maurice - Pellevoisin),259 500 €
"Appartement 3 pièces 83 m²
Lille 59800 (Centre-ville - Euralille)",Lille 59800 (Centre-ville - Euralille),325 000 €
"Appartement 3 pièces 68 m²
Lille 59000 (Faubourg de Béthune)",Lille 59000 (Faubourg de Béthune),189 500 €
"Appartement 3 pièces 76 m²
Lille 59000 (Hellemmes Centre-ville - Pavé du Moulin)",Lille 59000 (Hellemmes Centre-ville - Pavé du Moulin),215 000 €
"Appartement 1 pièce 20 m²
Lille 59000 (Wazemmes)",Lille 59000 (Wazemmes),99 500 €
"Appartement 2 pièces 44 m²
Lille 59000 (Moulins)",Lille 59000 (Moulins),183 570 €
"Appartement 2 pièces 52 m²
Lille 59000 (Vieux Lille)",Lille 59000 (Vieux Lille),236 063 €
"Maison 5 pièces 100 m²
Lille 59000 (Lille-Sud)",Lille 59000 (Lille-Sud),295 000 €
"Appartement 2 pièces 30 m²
Lille 59800 (Vieux Lille)",Lille 59800 (Vieux Lille),185 000 €
"Maison 7 pièces 200 m²
Lille 59000 (Lille-Sud)",Lille 59000 (Lille-Sud),584 000 €
"Maison 9 pièces 237 m²
Lille 59000 (Bois Blanc)",Lille 59000 (Bois Blanc),661 350 €
"Maison 6 pièces 227 m²
Lille 59000 (Bourg - Délivrance)",Lille 59000 (Bourg - Délivrance),589 000 €
"Appartement 2 pièces 47 m²
Lille 59000 (Saint-Maurice - Pellevoisin)",Lille 59000 (Saint-Maurice - Pellevoisin),194 069 €
"Appartement 3 pièces 84 m²
Lille 59000 (Saint-Maurice - Pellevoisin)",Lille 59000 (Saint-Maurice - Pellevoisin),265 000 €
"Appartement 2 pièces 45 m²
Lille 59000 (Fives)",Lille 59000 (Fives),113 800 €
"Appartement 4 pièces 119 m²
Lille 59800 (Saint-Maurice - Pellevoisin)",Lille 59800 (Saint-Maurice - Pellevoisin),399 990 €
"Appartement 4 pièces 100 m²
Lille 59800 (Centre-ville - Euralille)",Lille 59800 (Centre-ville - Euralille),443 500 €
"Maison 3 pièces 42 m²
Lille 59000 (Moulins)",Lille 59000 (Moulins),118 500 €
"Appartement 3 pièces 95 m²
Lille 59000 (Saint-Maurice - Pellevoisin)",Lille 59000 (Saint-Maurice - Pellevoisin),340 000 €
"Appartement 2 pièces 35 m²
Lille 59000 (Wazemmes)",Lille 59000 (Wazemmes),125 465 €
"Appartement 1 pièce 21 m²
Lille 59000 (Moulins)",Lille 59000 (Moulins),76 200 €
"Appartement 2 pièces 56 m²
Lille 59000 (Moulins)",Lille 59000 (Moulins),195 000 €
"Appartement 3 pièces 90 m²
Lille 59000 (Centre-ville - Euralille)",Lille 59000 (Centre-ville - Euralille),450 000 €
"Appartement 2 pièces 43 m²
Lille 59000 (Saint-Maurice - Pellevoisin)",Lille 59000 (Saint-Maurice - Pellevoisin),150 000 €
"Maison 5 pièces 147 m²
Lille 59000 (Wazemmes)",Lille 59000 (Wazemmes),599 000 €
"Appartement 3 pièces 62 m²
Lille 59000 (Mont à Camp - Marais)",Lille 59000 (Mont à Camp - Marais),262 310 €
"Maison 4 pièces 180 m²
Lille 59000 (Fives)",Lille 59000 (Fives),680 000 €
"Appartement 4 pièces 85 m²
Lille 59000 (Saint-Maurice - Pellevoisin)",Lille 59000 (Saint-Maurice - Pellevoisin),261 000 €
"Maison 7 pièces 260 m²
Lomme 59160 (Mitterie)",Lomme 59160 (Mitterie),797 000 €
"Appartement 1 pièce 82 m²
Lille 59000 (Fives)",Lille 59000 (Fives),162 000 €
"Appartement 1 pièce 150 m²
Lille 59000 (Fives)",Lille 59000 (Fives),205 000 €
"Appartement 3 pièces 73 m²
Lille 59800 (Centre-ville - Euralille)",Lille 59800 (Centre-ville - Euralille),220 000 €
"Appartement 3 pièces 82 m²
Lille 59000 (Vauban - Esquermes)",Lille 59000 (Vauban - Esquermes),299 000 €
"Maison 8 pièces 200 m²
Lille 59000 (Wazemmes)",Lille 59000 (Wazemmes),567 300 €
"Appartement 3 pièces 65 m²
Lille 59000 (Saint-Maurice - Pellevoisin)",Lille 59000 (Saint-Maurice - Pellevoisin),238 500 €
"Appartement 2 pièces 39 m²
Lille 59000 (Moulins)",Lille 59000 (Moulins),113 900 €
"Appartement 1 pièce 19 m²
Lille 59000 (Faubourg de Béthune)",Lille 59000 (Faubourg de Béthune),52 000 €
"Appartement 2 pièces 49 m²
Lille 59000 (Centre-ville - Euralille)",Lille 59000 (Centre-ville - Euralille),189 000 €
"Appartement 4 pièces 136 m²
Lille 59000 (Centre-ville - Euralille)",Lille 59000 (Centre-ville - Euralille),483 000 €
"Maison 4 pièces 93 m²
Lille 59000 (Lille-Sud)",Lille 59000 (Lille-Sud),192 000 €
"Appartement 2 pièces 43 m²
Lomme 59160 (Mont à Camp - Marais)",Lomme 59160 (Mont à Camp - Marais),162 481 €
"Duplex 5 pièces 105 m²
Lille 59000 (Vauban - Esquermes)",Lille 59000 (Vauban - Esquermes),380 000 €
"Appartement 2 pièces 40 m²
Lomme 59160 (Mitterie)",Lomme 59160 (Mitterie),107 000 €
"Appartement 4 pièces 77 m²
Lille 59800 (Vauban - Esquermes)",Lille 59800 (Vauban - Esquermes),299 000 €
"Appartement 3 pièces 64 m²
Lille 59000 (Saint-Maurice - Pellevoisin)",Lille 59000 (Saint-Maurice - Pellevoisin),190 000 €
"Maison 1 pièce 113 m²
Lille 59000 (Fives)",Lille 59000 (Fives),180 000 €
"Duplex 4 pièces 101 m²
Lille 59000 (Vieux Lille)",Lille 59000 (Vieux Lille),483 000 €
"Appartement 4 pièces 83 m²
Lille 59000 (Moulins)",Lille 59000 (Moulins),185 500 €
"Studio 17 m²
Lille 59000 (Wazemmes)",Lille 59000 (Wazemmes),97 000 €
"Appartement 3 pièces 66 m²
Lille 59000 (Lille-Sud)",Lille 59000 (Lille-Sud),233 500 €
"Appartement 4 pièces 99 m²
Lille 59000 (Saint-Maurice - Pellevoisin)",Lille 59000 (Saint-Maurice - Pellevoisin),275 000 €
"Maison 4 pièces 117 m²
Lille 59800 (Saint-Maurice - Pellevoisin)",Lille 59800 (Saint-Maurice - Pellevoisin),325 500 €
"Appartement 3 pièces 68 m²
Lille 59000 (Centre-ville - Euralille)",Lille 59000 (Centre-ville - Euralille),364 000 €
"Appartement 4 pièces 90 m²
Lille 59000 (Lille-Sud)",Lille 59000 (Lille-Sud),347 000 €
"Appartement 2 pièces 48 m²
Lille 59000 (Wazemmes)",Lille 59000 (Wazemmes),188 000 €
"Appartement 2 pièces 46 m²
Lille 59000 (Saint-Maurice - Pellevoisin)",Lille 59000 (Saint-Maurice - Pellevoisin),180 000 €
"Studio 35 m²
Lille 59000 (Vauban - Esquermes)",Lille 59000 (Vauban - Esquermes),119 350 €
"Appartement 3 pièces 65 m²
Lille 59000 (Bois Blanc)",Lille 59000 (Bois Blanc),274 500 €
"Appartement 2 pièces 45 m²
Lille 59000 (Moulins)",Lille 59000 (Moulins),176 000 €
"Studio 14 m²
Lille 59000 (Fives)",Lille 59000 (Fives),52 500 €
"Appartement 2 pièces 43 m²
Lille 59000 (Lille-Sud)",Lille 59000 (Lille-Sud),155 250 €
"Appartement 3 pièces 63 m²
Lille 59800 (Fives)",Lille 59800 (Fives),189 000 €
"Appartement 1 pièce 17 m²
Lille 59000 (Vauban - Esquermes)",Lille 59000 (Vauban - Esquermes),91 000 €
"Appartement 2 pièces 50 m²
Lille 59000 (Wazemmes)",Lille 59000 (Wazemmes),200 000 €
"Appartement 3 pièces 83 m²
Lille 59000 (Mont à Camp - Marais)",Lille 59000 (Mont à Camp - Marais),199 500 €
"Maison 9 pièces 190 m²
Lille 59000 (Vauban - Esquermes)",Lille 59000 (Vauban - Esquermes),672 000 €
"Appartement 4 pièces 90 m²
Lille 59000 (Vieux Lille)",Lille 59000 (Vieux Lille),286 500 €
"Appartement 2 pièces 42 m²
Lille 59000 (Centre-ville - Euralille)",Lille 59000 (Centre-ville - Euralille),177 000 €
"Maison 4 pièces 81 m²
Lille 59000 (Vauban - Esquermes)",Lille 59000 (Vauban - Esquermes),255 000 €
"Maison 3 pièces 75 m²
Lille 59000 (Wazemmes)",Lille 59000 (Wazemmes),199 500 €
"Appartement 3 pièces 96 m²
Lille 59000 (Fives)",Lille 59000 (Fives),243 000 €
"Appartement 3 pièces 65 m²
Lille 59000 (Faubourg de Béthune)",Lille 59000 (Faubourg de Béthune),222 450 €
"Appartement 2 pièces 43 m²
Lille 59000 (Centre-ville - Euralille)",Lille 59000 (Centre-ville - Euralille),199 500 €
"Studio 20 m²
Lille 59000 (Faubourg de Béthune)",Lille 59000 (Faubourg de Béthune),65 000 €
"Appartement 3 pièces 75 m²
Lille 59800 (Fives)",Lille 59800 (Fives),232 900 €
"Studio
Lille 59800 (Vauban - Esquermes)",Lille 59800 (Vauban - Esquermes),140 000 €
"Appartement 2 pièces 49 m²
Lille 59000 (Hellemmes Centre-ville - Pavé du Moulin)",Lille 59000 (Hellemmes Centre-ville - Pavé du Moulin),360 000 €
"Appartement 1 pièce 20 m²
Lille 59000 (Hellemmes Guinguette)",Lille 59000 (Hellemmes Guinguette),109 900 €
"Appartement 3 pièces 71 m²
Lille 59000 (Lille-Sud)",Lille 59000 (Lille-Sud),239 500 €
"Maison 4 pièces 117 m²
Lille 59000 (Wazemmes)",Lille 59000 (Wazemmes),316 500 €
"Appartement 4 pièces 90 m²
Lille 59000 (Saint-Maurice - Pellevoisin)",Lille 59000 (Saint-Maurice - Pellevoisin),249 000 €
"Appartement 4 pièces 110 m²
Lille 59800 (Centre-ville - Euralille)",Lille 59800 (Centre-ville - Euralille),394 875 €
"Appartement 3 pièces 73 m²
Lille 59160 (Sud Marais)",Lille 59160 (Sud Marais),174 900 €
"Maison 5 pièces 136 m²
Lille 59000 (Centre-ville - Euralille)",Lille 59000 (Centre-ville - Euralille),645 000 €
"Appartement 5 pièces 110 m²
Lille 59000 (Lille-Sud)",Lille 59000 (Lille-Sud),298 000 €
"Appartement 4 pièces 92 m²
Lille 59000 (Saint-Maurice - Pellevoisin)",Lille 59000 (Saint-Maurice - Pellevoisin),236 250 €
"Appartement 3 pièces 70 m²
Lille 59800 (Saint-Maurice - Pellevoisin)",Lille 59800 (Saint-Maurice - Pellevoisin),252 000 €
"Duplex 4 pièces 77 m²
Lille 59000 (Lille-Sud)",Lille 59000 (Lille-Sud),238 000 €
"Duplex 4 pièces 92 m²
Lille 59000 (Lille-Sud)",Lille 59000 (Lille-Sud),266 000 €
"Appartement 4 pièces 87 m²
Lille 59000 (Lille-Sud)",Lille 59000 (Lille-Sud),311 000 €
"Appartement 2 pièces 41 m²
Lille 59000 (Centre-ville - Euralille)",Lille 59000 (Centre-ville - Euralille),165 500 €
"Appartement 2 pièces 50 m²
Lille 59000 (Wazemmes)",Lille 59000 (Wazemmes),220 500 €
"Appartement 3 pièces 113 m²
Lille 59800 (Vieux Lille)",Lille 59800 (Vieux Lille),638 495 €
"Maison 5 pièces 150 m²
Lomme 59160 (Mitterie)",Lomme 59160 (Mitterie),259 900 €
"Appartement 2 pièces 59 m²
Lille 59000 (Wazemmes)",Lille 59000 (Wazemmes),259 000 €
"Appartement 3 pièces 71 m²
Lille 59000 (Centre-ville - Euralille)",Lille 59000 (Centre-ville - Euralille),232 000 €
"Appartement 3 pièces 81 m²
Lille 59000 (Mont à Camp - Marais)",Lille 59000 (Mont à Camp - Marais),259 000 €
"Appartement 1 pièce 12 m²
Lille 59000 (Wazemmes)",Lille 59000 (Wazemmes),99 600 €
"Maison 4 pièces 120 m²
Lomme 59160 (Sud Marais)",Lomme 59160 (Sud Marais),222 450 €
"Appartement 4 pièces 100 m²
Lille 59800 (Centre-ville - Euralille)",Lille 59800 (Centre-ville - Euralille),443 500 €
"Appartement 3 pièces 62 m²
Lille 59260 (Hellemmes Centre-ville - Pavé du Moulin)",Lille 59260 (Hellemmes Centre-ville - Pavé du Moulin),145 800 €
"Appartement 1 pièce 32 m²
Lille 59800 (Centre-ville - Euralille)",Lille 59800 (Centre-ville - Euralille),134 817 €
"Maison 7 pièces 185 m²
Lomme 59160 (Bois Blanc)",Lomme 59160 (Bois Blanc),584 000 €
"Appartement 1 pièce
Lille 59800 (Fives)",Lille 59800 (Fives),56 500 €
"Appartement 3 pièces 63 m²
Lille 59000 (Vauban - Esquermes)",Lille 59000 (Vauban - Esquermes),180 000 €
"Appartement 2 pièces 40 m²
Lomme 59160 (Bourg - Délivrance)",Lomme 59160 (Bourg - Délivrance),148 500 €
"Maison 7 pièces 185 m²
Lille 59000 (Bois Blanc)",Lille 59000 (Bois Blanc),584 000 €
"Maison 5 pièces 105 m²
Lille 59000 (Fives)",Lille 59000 (Fives),295 000 €
"Maison 5 pièces 105 m²
Lille 59000 (Fives)",Lille 59000 (Fives),295 000 €
"Maison 3 pièces 40 m²
Lille 59000 (Bois Blanc)",Lille 59000 (Bois Blanc),119 900 €
"Appartement 2 pièces 40 m²
Lomme 59160 (Mitterie)",Lomme 59160 (Mitterie),107 000 €
"Appartement 1 pièce 17 m²
Lille 59000 (Moulins)",Lille 59000 (Moulins),78 500 €
"Appartement 2 pièces 35 m²
Lille 59000 (Moulins)",Lille 59000 (Moulins),109 000 €
"Appartement 1 pièce 33 m²
Lille 59000 (Centre-ville - Euralille)",Lille 59000 (Centre-ville - Euralille),241 726 €
"Appartement 4 pièces 74 m²
Lille 59000 (Centre-ville - Euralille)",Lille 59000 (Centre-ville - Euralille),358 400 €
"Appartement 3 pièces 118 m²
Lille 59000 (Centre-ville - Euralille)",Lille 59000 (Centre-ville - Euralille),778 590 €
"Appartement 12 pièces 184 m²
Lille 59000 (Centre-ville - Euralille)",Lille 59000 (Centre-ville - Euralille),1 097 000 €
"Appartement 3 pièces 65 m²
Lille 59000 (Centre-ville - Euralille)",Lille 59000 (Centre-ville - Euralille),208 000 €
"Studio 29 m²
Lille 59000 (Fives)",Lille 59000 (Fives),177 500 €
"Appartement 2 pièces 42 m²
Lille 59000 (Fives)",Lille 59000 (Fives),252 400 €
"Appartement 3 pièces 82 m²
Lille 59000 (Vauban - Esquermes)",Lille 59000 (Vauban - Esquermes),299 000 €
"Appartement 3 pièces 95 m²
Lille 59000 (Saint-Maurice - Pellevoisin)",Lille 59000 (Saint-Maurice - Pellevoisin),340 000 €
"Appartement 3 pièces 73 m²
Lille 59000 (Fives)",Lille 59000 (Fives),423 600 €
"Appartement 3 pièces 73 m²
Lille 59000 (Vauban - Esquermes)",Lille 59000 (Vauban - Esquermes),435 300 €
"Appartement 4 pièces 85 m²
Lille 59000 (Lille-Sud)",Lille 59000 (Lille-Sud),335 000 €
"Synésens (appartements neufs 2 à 5 pièces)
Lille 59000 (Centre-ville - Euralille)",Lille 59000 (Centre-ville - Euralille),à partir de 299 000 €
"Appartement 1 pièce 29 m²
Lille 59000 (Moulins)",Lille 59000 (Moulins),122 000 €
"Appartement 2 pièces 43 m²
Lille 59000 (Saint-Maurice - Pellevoisin)",Lille 59000 (Saint-Maurice - Pellevoisin),152 000 €
"Appartement 4 pièces 85 m²
Lomme 59160 (Vieux Lille)",Lomme 59160 (Vieux Lille),196 000 €
"Appartement 3 pièces 65 m²
Lille 59000 (Lille-Sud)",Lille 59000 (Lille-Sud),200 450 €
"Appartement 3 pièces 72 m²
Lille 59000 (Centre-ville - Euralille)",Lille 59000 (Centre-ville - Euralille),289 246 €
"RESIDENCE QWEST HELLEMMES (appartements neufs 2 à 4 pièces)
Hellemmes-Lille 59260 (Hellemmes Centre-ville - Pavé du Moulin)",Hellemmes-Lille 59260 (Hellemmes Centre-ville - Pavé du Moulin),189 000 à 312 000 €
"Green Square (appartements neufs 2 à 5 pièces)
Lille 59000 (Lille-Sud)",Lille 59000 (Lille-Sud),97 777 à 287 000 €
"Appartement 4 pièces 67 m²
Lille 59000 (Lille-Sud)",Lille 59000 (Lille-Sud),213 000 €
"Appartement 3 pièces 105 m²
Lille 59000 (Vieux Lille)",Lille 59000 (Vieux Lille),530 000 €
"Quartier Latin (appartements neufs 3 à 4 pièces)
Lille 59000 (Centre-ville - Euralille)",Lille 59000 (Centre-ville - Euralille),à partir de 303 000 €
"CONVERGENCE (appartements neufs 3 à 4 pièces)
Lille 59000 (Centre-ville - Euralille)",Lille 59000 (Centre-ville - Euralille),351 000 à 640 000 €
"LE PARVIS (appartements neufs 3 à 4 pièces)
Lille 59000 (Saint-Maurice - Pellevoisin)",Lille 59000 (Saint-Maurice - Pellevoisin),325 000 à 430 000 €
"Grafik (appartements neufs 2 à 3 pièces)
Lomme 59160 (Bourg - Délivrance)",Lomme 59160 (Bourg - Délivrance),163 000 à 245 000 €
"Appartement 1 pièce 31 m²
Lille 59000 (Centre-ville - Euralille)",Lille 59000 (Centre-ville - Euralille),131 000 €
"Appartement 2 pièces 48 m²
Lille 59000 (Moulins)",Lille 59000 (Moulins),170 000 €
"Appartement 3 pièces 71 m²
Lille 59000 (Centre-ville - Euralille)",Lille 59000 (Centre-ville - Euralille),232 000 €
"Appartement 2 pièces 59 m²
Lille 59000 (Wazemmes)",Lille 59000 (Wazemmes),259 000 €
"Montaigne (appartement neuf 4 pièces, 83 m²)
Lomme 59160 (Moulins)",Lomme 59160 (Moulins),345 400 €
"Appartement 2 pièces 60 m²
Lille 59000 (Wazemmes)",Lille 59000 (Wazemmes),217 000 €
"Appartement 1 pièce 27 m²
Lille 59800 (Saint-Maurice - Pellevoisin)",Lille 59800 (Saint-Maurice - Pellevoisin),122 000 €
"Maison 4 pièces 81 m²
Lille 59000 (Vauban - Esquermes)",Lille 59000 (Vauban - Esquermes),255 000 €
"Appartement 3 pièces 67 m²
Lille 59800 (Centre-ville - Euralille)",Lille 59800 (Centre-ville - Euralille),264 250 €
"Appartement 3 pièces 73 m²
Lille 59000 (Centre-ville - Euralille)",Lille 59000 (Centre-ville - Euralille),435 600 €
"Jules Verne (appartements neufs 2 à 5 pièces)
Lille 59000 (Lille-Sud)",Lille 59000 (Lille-Sud),113 550 à 209 345 €
"Appartement 1 pièce 20 m²
Lille 59000 (Vauban - Esquermes)",Lille 59000 (Vauban - Esquermes),94 900 €
"Maison 4 pièces 76 m²
Lille 59800 (Fives)",Lille 59800 (Fives),192 000 €
"Appartement 3 pièces 68 m²
Lille 59000 (Centre-ville - Euralille)",Lille 59000 (Centre-ville - Euralille),220 000 €
"Maison 4 pièces 150 m²
Lomme 59160 (Bourg - Délivrance)",Lomme 59160 (Bourg - Délivrance),360 000 €
"Appartement 3 pièces 55 m²
Lille 59000 (Faubourg de Béthune)",Lille 59000 (Faubourg de Béthune),117 000 €
"Appartement 3 pièces 62 m²
Lille 59000 (Fives)",Lille 59000 (Fives),189 000 €
"Maison 6 pièces 122 m²
Lomme 59160 (Bourg - Délivrance)",Lomme 59160 (Bourg - Délivrance),359 000 €
"Appartement 2 pièces 34 m²
Lille 59000 (Moulins)",Lille 59000 (Moulins),127 500 €
"Appartement 3 pièces 77 m²
Lille 59000 (Fives)",Lille 59000 (Fives),233 600 €
"Appartement 2 pièces 36 m²
Lille 59777 (Centre-ville - Euralille)",Lille 59777 (Centre-ville - Euralille),211 000 €
"Appartement 1 pièce 22 m²
Lille 59000 (Vieux Lille)",Lille 59000 (Vieux Lille),152 000 €
"Appartement 3 pièces 93 m²
Lille 59000 (Vauban - Esquermes)",Lille 59000 (Vauban - Esquermes),390 350 €
"Maison 7 pièces 125 m²
Hellemmes-Lille 59260 (Hellemmes - Barrière)",Hellemmes-Lille 59260 (Hellemmes - Barrière),294 000 €
"Appartement 3 pièces 66 m²
Lille 59000 (Faubourg de Béthune)",Lille 59000 (Faubourg de Béthune),210 000 €
"Appartement 3 pièces 74 m²
Hellemmes-Lille 59260 (Hellemmes Centre-ville - Pavé du Moulin)",Hellemmes-Lille 59260 (Hellemmes Centre-ville - Pavé du Moulin),274 000 €
"TOPAZE (appartement neuf 4 pièces, 83 m²)
Lomme 59160 (Bourg - Délivrance)",Lomme 59160 (Bourg - Délivrance),342 900 €
"Appartement 4 pièces 83 m²
Lomme 59160 (Mitterie)",Lomme 59160 (Mitterie),175 000 €
"Maison 4 pièces 65 m²
Lille 59000 (Fives)",Lille 59000 (Fives),189 000 €
"CONVERGENCE (appartements neufs 3 à 4 pièces)
Lille 59000 (Saint-Maurice - Pellevoisin)",Lille 59000 (Saint-Maurice - Pellevoisin),338 000 à 440 000 €
"Appartement 3 pièces 72 m²
Lille 59000 (Faubourg de Béthune)",Lille 59000 (Faubourg de Béthune),159 000 €
"Appartement 5 pièces 111 m²
Lille 59000 (Centre-ville - Euralille)",Lille 59000 (Centre-ville - Euralille),574 000 €
"Appartement 3 pièces 74 m²
Lille 59000 (Centre-ville - Euralille)",Lille 59000 (Centre-ville - Euralille),358 400 €
"Maison 8 pièces 200 m²
Lille 59000 (Wazemmes)",Lille 59000 (Wazemmes),567 300 €
"Appartement 1 pièce 32 m²
Lille 59800 (Centre-ville - Euralille)",Lille 59800 (Centre-ville - Euralille),134 817 €
"Magnolia (appartements neufs 1 à 2 pièces)
Lomme 59160 (Bourg - Délivrance)",Lomme 59160 (Bourg - Délivrance),175 000 à 241 000 €
"Hélène (appartements neufs 1 à 4 pièces)
Hellemmes-Lille 59260 (Hellemmes Centre-ville - Pavé du Moulin)",Hellemmes-Lille 59260 (Hellemmes Centre-ville - Pavé du Moulin),125 000 à 283 000 €
"LES JARDINS DE LOMME (appartements neufs 1 à 4 pièces)
Lomme 59160 (Mitterie)",Lomme 59160 (Mitterie),134 000 à 309 000 €
"LES JARDINS DE RONSARD (appartements neufs 2 à 4 pièces)
Lomme 59160 (Bourg - Délivrance)",Lomme 59160 (Bourg - Délivrance),200 000 à 437 000 €
"INTENCITY (appartements neufs 2 à 3 pièces)
Lille 59000 (Moulins)",Lille 59000 (Moulins),208 000 à 259 900 €
"L'INSTITUT (appartements neufs 2 à 4 pièces)
Lille 59000 (Centre-ville - Euralille)",Lille 59000 (Centre-ville - Euralille),235 500 à 410 000 €
"HANGOUART (appartements neufs 3 à 5 pièces)
Lille 59000 (Vieux Lille)",Lille 59000 (Vieux Lille),540 800 à 570 233 €
"Appartement 1 pièce 18 m²
Lille 59000 (Hellemmes - Barrière)",Lille 59000 (Hellemmes - Barrière),100 170 €
"Appartement 2 pièces 38 m²
Lille 59000 (Hellemmes - Barrière)",Lille 59000 (Hellemmes - Barrière),200 550 €
"Appartement 2 pièces 39 m²
Lille 59000 (Moulins)",Lille 59000 (Moulins),207 375 €
"Appartement 2 pièces 40 m²
Lille 59000 (Moulins)",Lille 59000 (Moulins),223 256 €
"Appartement 2 pièces 45 m²
Lille 59000 (Hellemmes - Barrière)",Lille 59000 (Hellemmes - Barrière),231 525 €
"Appartement 2 pièces 46 m²
Lille 59000 (Hellemmes - Barrière)",Lille 59000 (Hellemmes - Barrière),239 242 €
"Appartement 2 pièces 48 m²
Lille 59000 (Hellemmes - Barrière)",Lille 59000 (Hellemmes - Barrière),243 936 €
"Appartement 3 pièces 58 m²
Lille 59000 (Hellemmes - Barrière)",Lille 59000 (Hellemmes - Barrière),276 885 €
"Appartement 3 pièces 63 m²
Lille 59000 (Hellemmes - Barrière)",Lille 59000 (Hellemmes - Barrière),286 702 €
"Appartement 3 pièces 69 m²
Lille 59000 (Hellemmes - Barrière)",Lille 59000 (Hellemmes - Barrière),312 438 €
"Appartement 3 pièces 71 m²
Lille 59000 (Hellemmes - Barrière)",Lille 59000 (Hellemmes - Barrière),321 919 €
"Appartement 4 pièces 61 m²
Lille 59000 (Centre-ville - Euralille)",Lille 59000 (Centre-ville - Euralille),325 000 €
"Appartement 3 pièces 63 m²
Lille 59000 (Hellemmes - Barrière)",Lille 59000 (Hellemmes - Barrière),330 498 €
"Appartement 3 pièces 69 m²
Lille 59000 (Hellemmes - Barrière)",Lille 59000 (Hellemmes - Barrière),349 912 €
"Appartement 3 pièces 80 m²
Lille 59000 (Moulins)",Lille 59000 (Moulins),403 370 €
"Appartement 5 pièces 150 m²
Lille 59000 (Centre-ville - Euralille)",Lille 59000 (Centre-ville - Euralille),967 000 €
"Maison 5 pièces 75 m²
Hellemmes-Lille 59260 (Hellemmes Centre-ville - Pavé du Moulin)",Hellemmes-Lille 59260 (Hellemmes Centre-ville - Pavé du Moulin),173 500 €
"Maison 4 pièces 90 m²
Lille 59000",Lille 59000,204 750 €
"Appartement 1 pièce 32 m²
Lille 59800 (Centre-ville - Euralille)",Lille 59800 (Centre-ville - Euralille),134 817 €
"EMBLEM (appartements neufs 1 à 5 pièces)
Lille 59000 (Centre-ville - Euralille)",Lille 59000 (Centre-ville - Euralille),830 000 €
"Maison 6 pièces 192 m²
Lille 59800 (Saint-Maurice - Pellevoisin)",Lille 59800 (Saint-Maurice - Pellevoisin),247 500 €
"Appartement 3 pièces 64 m²
Lille 59000 (Centre-ville - Euralille)",Lille 59000 (Centre-ville - Euralille),124 000 €
"Appartement
Lille 59000 (Lille-Sud)",Lille 59000 (Lille-Sud),391 000 €
"Appartement 4 pièces 97 m²
Lille 59800 (Vauban - Esquermes)",Lille 59800 (Vauban - Esquermes),443 500 €
"Appartement 5 pièces 99 m²
Lille 59000 (Centre-ville - Euralille)",Lille 59000 (Centre-ville - Euralille),331 000 €
"Appartement 4 pièces 87 m²
Lille 59000 (Fives)",Lille 59000 (Fives),298 000 €
"Appartement 5 pièces 110 m²
Lille 59000 (Lille-Sud)",Lille 59000 (Lille-Sud),369 000 €
"VILLA DES ARTS (appartement neuf 3 pièces, 73 m²)
Lille 59000 (Centre-ville - Euralille)",Lille 59000 (Centre-ville - Euralille),650 000 €
"Maison 6 pièces 170 m²
Lomme 59160 (Bourg - Délivrance)",Lomme 59160 (Bourg - Délivrance),412 000 €
"Appartement 4 pièces 82 m²
Lille 59000 (Wazemmes)",Lille 59000 (Wazemmes),248 000 €
"Le Rubix (appartement neuf 3 pièces, 64 m²)
Lille 59000 (Lille-Sud)",Lille 59000 (Lille-Sud),211 000 €
"Appartement 2 pièces 47 m²
Lille 59000 (Vieux Lille)",Lille 59000 (Vieux Lille),238 000 à 298 000 €
"So Home (appartements neufs 4 à 5 pièces)
Lille 59000 (Lille-Sud)",Lille 59000 (Lille-Sud),53 000 €
"Appartement 1 pièce 14 m²
Lille 59800 (Fives)",Lille 59800 (Fives),375 000 €
"Maison 5 pièces 125 m²
Lille 59000 (Hellemmes Guinguette)",Lille 59000 (Hellemmes Guinguette),199 800 €
"Appartement 2 pièces 38 m²
Lille 59000 (Vieux Lille)",Lille 59000 (Vieux Lille),199 800 €
"Appartement 2 pièces 29 m²
Lille 59000 (Vieux Lille)",Lille 59000 (Vieux Lille),86 000 €
"Appartement 1 pièce 14 m²
Lille 59000 (Wazemmes)",Lille 59000 (Wazemmes),741 600 €
"Maison 7 pièces 260 m²
Lille 59000",Lille 59000,353 700 €
"Appartement 3 pièces 65 m²
Lille 59000 (Vieux Lille)",Lille 59000 (Vieux Lille),253 000 €
"Appartement 3 pièces 73 m²
Lille 59000 (Wazemmes)",Lille 59000 (Wazemmes),227 500 €
"Appartement 3 pièces 71 m²
Lille 59000 (Wazemmes)",Lille 59000 (Wazemmes),1 050 000 €
"Maison 11 pièces 657 m²
Lille 59000",Lille 59000,181 500 €
"Appartement 2 pièces 40 m²
Lille 59000 (Vauban - Esquermes)",Lille 59000 (Vauban - Esquermes),622 820 €
"Appartement 3 pièces 108 m²
Lille 59800 (Vieux Lille)",Lille 59800 (Vieux Lille),185 000 €
"Maison 4 pièces 90 m²
Lille 59800 (Hellemmes - Barrière)",Lille 59800 (Hellemmes - Barrière),622 820 €
"Appartement 3 pièces 108 m²
Lille 59800 (Vieux Lille)",Lille 59800 (Vieux Lille),129 000 €
"Appartement 2 pièces
Lille 59000 (Moulins)",Lille 59000 (Moulins),171 000 €
"Appartement neuf 5 pièces
Lille 59800 (Fives)",Lille 59800 (Fives),313 900 à 430 900 €
"Programme Immobilier à LILLE (appartements neufs 3 à 4 pièces)
Lille 59000 (Bourg - Délivrance)",Lille 59000 (Bourg - Délivrance),218 000 €
"Appartement 2 pièces
Lille 59000 (Lille-Sud)",Lille 59000 (Lille-Sud),459 000 €
"Appartement 3 pièces 79 m²
Lille 59800 (Vieux Lille)",Lille 59800 (Vieux Lille),121 000 €
"Appartement 2 pièces 42 m²
Lille 59000 (Wazemmes)",Lille 59000 (Wazemmes),254 000 €
"Appartement 3 pièces 85 m²
Lille 59000 (Bourg - Délivrance)",Lille 59000 (Bourg - Délivrance),349 500 €
"Maison 4 pièces 99 m²
Lille 59000",Lille 59000,86 000 €
"Appartement 1 pièce 14 m²
Lille 59000 (Wazemmes)",Lille 59000 (Wazemmes),239 000 €
"Appartement 2 pièces 53 m²
Lille 59800 (Wazemmes)",Lille 59800 (Wazemmes),174 000 €
"Appartement 2 pièces 37 m²
Lille 59000 (Wazemmes)",Lille 59000 (Wazemmes),139 000 €
"Appartement 2 pièces 33 m²
Lille 59000 (Wazemmes)",Lille 59000 (Wazemmes),177 000 €
"Appartement 2 pièces 37 m²
Lille 59000 (Wazemmes)",Lille 59000 (Wazemmes),260 000 €
"Appartement 3 pièces 73 m²
Lille 59000 (Wazemmes)",Lille 59000 (Wazemmes),88 000 €
"Appartement 1 pièce 15 m²
Lille 59000 (Wazemmes)",Lille 59000 (Wazemmes),443 500 €
"Appartement 4 pièces 100 m²
Lille 59000 (Centre-ville - Euralille)",Lille 59000 (Centre-ville - Euralille),268 000 €
"Appartement 2 pièces 61 m²
Lille 59000 (Vieux Lille)",Lille 59000 (Vieux Lille),295 000 €
"Appartement 4 pièces 95 m²
Lomme 59160",Lomme 59160,284 850 €
"Appartement 2 pièces 49 m²
Lille 59000 (Vauban - Esquermes)",Lille 59000 (Vauban - Esquermes),127 500 €
"Appartement 2 pièces 37 m²
Lille 59800 (Moulins)",Lille 59800 (Moulins),243 000 €
"Appartement 4 pièces 72 m²
Lille 59000 (Wazemmes)",Lille 59000 (Wazemmes),270 000 €
"Appartement 3 pièces 70 m²
Lille 59000 (Centre-ville - Euralille)",Lille 59000 (Centre-ville - Euralille),593 €
"Appartement 3 pièces 45 m²
Lille 59000 (Vauban - Esquermes)",Lille 59000 (Vauban - Esquermes),2 200 €
"Appartement 4 pièces 188 m²
Lille 59000 (Vauban - Esquermes)",Lille 59000 (Vauban - Esquermes),950 €
"Appartement meublé 3 pièces 50 m²
Lille 59000 (Moulins)",Lille 59000 (Moulins),605 €
"Appartement meublé 2 pièces 25 m²
Lille 59260 (Hellemmes Centre-ville - Pavé du Moulin)",Lille 59260 (Hellemmes Centre-ville - Pavé du Moulin),590 €
"Appartement meublé 1 pièce 33 m²
Lille 59000 (Moulins)",Lille 59000 (Moulins),495 €
"Appartement meublé 4 pièces 14 m²
Lille 59260 (Hellemmes Centre-ville - Pavé du Moulin)",Lille 59260 (Hellemmes Centre-ville - Pavé du Moulin),495 €
"Appartement meublé 4 pièces 12 m²
Lille 59260 (Hellemmes Centre-ville - Pavé du Moulin)",Lille 59260 (Hellemmes Centre-ville - Pavé du Moulin),495 €
"Appartement meublé 4 pièces 10 m²
Lille 59260 (Hellemmes Centre-ville - Pavé du Moulin)",Lille 59260 (Hellemmes Centre-ville - Pavé du Moulin),1 485 €
"Appartement meublé 4 pièces 70 m²
Lille 59260 (Hellemmes Centre-ville - Pavé du Moulin)",Lille 59260 (Hellemmes Centre-ville - Pavé du Moulin),1 945 €
"Appartement meublé 5 pièces 75 m²
Lille 59000 (Bois Blanc)",Lille 59000 (Bois Blanc),495 €
"Appartement meublé 1 pièce 18 m²
Lille 59260 (Hellemmes Centre-ville - Pavé du Moulin)",Lille 59260 (Hellemmes Centre-ville - Pavé du Moulin),486 €
"Appartement meublé 5 pièces 18 m²
Lille 59000 (Bois Blanc)",Lille 59000 (Bois Blanc),678 €
"Appartement 2 pièces 53 m²
Lille 59000 (Centre-ville - Euralille)",Lille 59000 (Centre-ville - Euralille),1 219 €
"Appartement 5 pièces 125 m²
Lille 59000 (Centre-ville - Euralille)",Lille 59000 (Centre-ville - Euralille),1 019 €
"Appartement 3 pièces 82 m²
Lille 59000 (Bois Blanc)",Lille 59000 (Bois Blanc),1 045 €
"Appartement 3 pièces 67 m²
Lille 59000 (Centre-ville - Euralille)",Lille 59000 (Centre-ville - Euralille),779 €
"Appartement 3 pièces 64 m²
Lille 59000 (Lille-Sud)",Lille 59000 (Lille-Sud),480 €
"Appartement meublé 4 pièces 80 m²
Lille 59000 (Hellemmes Centre-ville - Pavé du Moulin)",Lille 59000 (Hellemmes Centre-ville - Pavé du Moulin),680 €
"Appartement 2 pièces 45 m²
Lille 59800 (Centre-ville - Euralille)",Lille 59800 (Centre-ville - Euralille),800 €
"Appartement meublé 2 pièces 44 m²
Lille 59000 (Moulins)",Lille 59000 (Moulins),770 €
"Appartement meublé 2 pièces 27 m²
Lille 59000 (Fives)",Lille 59000 (Fives),740 €
"Appartement 3 pièces 50 m²
Lille 59800 (Saint-Maurice - Pellevoisin)",Lille 59800 (Saint-Maurice - Pellevoisin),948 €
"Appartement 3 pièces 80 m²
Lille 59260 (Hellemmes Centre-ville - Pavé du Moulin)",Lille 59260 (Hellemmes Centre-ville - Pavé du Moulin),550 €
"Appartement 2 pièces 43 m²
Lille 59000 (Lille-Sud)",Lille 59000 (Lille-Sud),1 200 €
"Appartement 3 pièces 87 m²
Lille 59800 (Saint-Maurice - Pellevoisin)",Lille 59800 (Saint-Maurice - Pellevoisin),729 €
"Appartement 2 pièces 55 m²
Lille 59000 (Centre-ville - Euralille)",Lille 59000 (Centre-ville - Euralille),2 200 €
"Appartement 4 pièces 188 m²
Lille 59000 (Vauban - Esquermes)",Lille 59000 (Vauban - Esquermes),526 €
"Studio 31 m²
Lille 59000 (Wazemmes)",Lille 59000 (Wazemmes),701 €
"Appartement 2 pièces 40 m²
Lille 59000 (Centre-ville - Euralille)",Lille 59000 (Centre-ville - Euralille),3 200 €
"Appartement meublé 3 pièces 200 m²
Lille 59000 (Wazemmes)",Lille 59000 (Wazemmes),554 €
"Appartement meublé 1 pièce 16 m²
Lille 59000 (Vauban - Esquermes)",Lille 59000 (Vauban - Esquermes),800 €
"Appartement 1 pièce 37 m²
Lille 59000 (Wazemmes)",Lille 59000 (Wazemmes),630 €
"Studio meublé 15 m²
Lille 59000 (Wazemmes)",Lille 59000 (Wazemmes),620 €
"Appartement 3 pièces 41 m²
Lille 59000 (Moulins)",Lille 59000 (Moulins),944 €
"Appartement 3 pièces 75 m²
Lille 59000 (Moulins)",Lille 59000 (Moulins),514 €
"Appartement 1 pièce 24 m²
Lille 59800 (Centre-ville - Euralille)",Lille 59800 (Centre-ville - Euralille),630 €
"Appartement 2 pièces 35 m²
Lille 59000 (Centre-ville - Euralille)",Lille 59000 (Centre-ville - Euralille),600 €
"Studio 24 m²
Lille 59000 (Fives)",Lille 59000 (Fives),890 €
"Appartement meublé 2 pièces 42 m²
Lille 59000 (Wazemmes)",Lille 59000 (Wazemmes),373 €
"Appartement 1 pièce 18 m²
Lille 59000 (Vauban - Esquermes)",Lille 59000 (Vauban - Esquermes),574 €
"Appartement 2 pièces 51 m²
Lille 59000 (Moulins)",Lille 59000 (Moulins),716 €
"Appartement 2 pièces 50 m²
Lille 59800 (Vieux Lille)",Lille 59800 (Vieux Lille),681 €
"Appartement 2 pièces 46 m²
Lille 59000 (Hellemmes Centre-ville - Pavé du Moulin)",Lille 59000 (Hellemmes Centre-ville - Pavé du Moulin),692 €
"Appartement 2 pièces 43 m²
Lille 59000 (Vieux Lille)",Lille 59000 (Vieux Lille),700 €
"Appartement 2 pièces 46 m²
Lille 59000 (Wazemmes)",Lille 59000 (Wazemmes),470 €
"Appartement meublé 1 pièce 12 m²
Lille 59000 (Lille-Sud)",Lille 59000 (Lille-Sud),764 €
"Appartement 2 pièces 52 m²
Marcq-en-Barœul 59700 (Saint-Maurice - Pellevoisin)",Marcq-en-Barœul 59700 (Saint-Maurice - Pellevoisin),703 €
"Appartement 2 pièces 47 m²
Lille 59000 (Bois Blanc)",Lille 59000 (Bois Blanc),673 €
"Appartement 2 pièces 40 m²
Lille 59000 (Centre-ville - Euralille)",Lille 59000 (Centre-ville - Euralille),775 €
"Appartement 3 pièces 68 m²
Lille 59000 (Lille-Sud)",Lille 59000 (Lille-Sud),850 €
"Appartement meublé 2 pièces 41 m²
Lille 59000 (Wazemmes)",Lille 59000 (Wazemmes),575 €
"Appartement 2 pièces 44 m²
Lomme 59160 (Sud Marais)",Lomme 59160 (Sud Marais),526 €
"Studio 31 m²
Lille 59000 (Wazemmes)",Lille 59000 (Wazemmes),458 €
"Appartement 2 pièces 19 m²
Lille 59800 (Fives)",Lille 59800 (Fives),600 €
"Appartement 2 pièces 44 m²
Lomme 59160 (Sud Marais)",Lomme 59160 (Sud Marais),720 €
"Appartement 3 pièces 64 m²
Lomme 59160 (Sud Marais)",Lomme 59160 (Sud Marais),925 €
"Appartement 4 pièces 80 m²
Lille 59000 (Centre-ville - Euralille)",Lille 59000 (Centre-ville - Euralille),750 €
"Appartement 3 pièces 53 m²
Lille 59000 (Wazemmes)",Lille 59000 (Wazemmes),700 €
"Appartement 3 pièces 48 m²
Lille 59000 (Moulins)",Lille 59000 (Moulins),1 408 €
"Appartement 4 pièces 98 m²
Lille 59000 (Bois Blanc)",Lille 59000 (Bois Blanc),862 €
"Appartement 4 pièces 77 m²
Lille 59000 (Moulins)",Lille 59000 (Moulins),1 074 €
"Appartement 4 pièces 97 m²
Lille 59000 (Moulins)",Lille 59000 (Moulins),1 074 €
"Appartement 4 pièces 97 m²
Lille 59000 (Moulins)",Lille 59000 (Moulins),1 075 €
"Appartement 4 pièces 97 m²
Lille 59000 (Moulins)",Lille 59000 (Moulins),1 080 €
"Appartement 4 pièces 97 m²
Lille 59000 (Moulins)",Lille 59000 (Moulins),1 090 €
"Appartement 4 pièces 97 m²
Lille 59000 (Moulins)",Lille 59000 (Moulins),925 €
"Appartement 3 pièces 70 m²
Lille 59000 (Moulins)",Lille 59000 (Moulins),444 €
"Appartement meublé 1 pièce 18 m²
Lille 59000 (Vauban - Esquermes)",Lille 59000 (Vauban - Esquermes),540 €
"Studio 29 m²
Lille 59000 (Centre-ville - Euralille)",Lille 59000 (Centre-ville - Euralille),954 €
"Appartement 3 pièces 75 m²
Lille 59000 (Moulins)",Lille 59000 (Moulins),955 €
"Appartement 3 pièces 75 m²
Lille 59000 (Moulins)",Lille 59000 (Moulins),960 €
"Appartement 3 pièces 75 m²
Lille 59000 (Moulins)",Lille 59000 (Moulins),960 €
"Appartement 3 pièces 75 m²
Lille 59000 (Moulins)",Lille 59000 (Moulins),970 €
"Appartement 3 pièces 75 m²
Lille 59000 (Moulins)",Lille 59000 (Moulins),579 €
"Appartement meublé 1 pièce 28 m²
Euralille 59777 (Centre-ville - Euralille)",Euralille 59777 (Centre-ville - Euralille),857 €
"Appartement 2 pièces 54 m²
Lille 59000 (Centre-ville - Euralille)",Lille 59000 (Centre-ville - Euralille),680 €
"Appartement 2 pièces 49 m²
Lille 59000 (Bois Blanc)",Lille 59000 (Bois Blanc),952 €
"Appartement 3 pièces 75 m²
Lille 59000 (Moulins)",Lille 59000 (Moulins),526 €
"Studio 31 m²
Lille 59000 (Wazemmes)",Lille 59000 (Wazemmes),660 €
"Appartement 2 pièces 44 m²
Lille 59000 (Vauban - Esquermes)",Lille 59000 (Vauban - Esquermes),479 €
"Studio 23 m²
Lille 59000 (Centre-ville - Euralille)",Lille 59000 (Centre-ville - Euralille),808 €
"Appartement 3 pièces 44 m²
Lille 59000 (Centre-ville - Euralille)",Lille 59000 (Centre-ville - Euralille),939 €
"Appartement 3 pièces 75 m²
Lille 59000 (Moulins)",Lille 59000 (Moulins),943 €
"Appartement 3 pièces 75 m²
Lille 59000 (Moulins)",Lille 59000 (Moulins),944 €
"Appartement 3 pièces 75 m²
Lille 59000 (Moulins)",Lille 59000 (Moulins),948 €
"Appartement 3 pièces 75 m²
Lille 59000 (Moulins)",Lille 59000 (Moulins),949 €
"Appartement 3 pièces 75 m²
Lille 59000 (Moulins)",Lille 59000 (Moulins),458 €
"Appartement meublé 1 pièce 22 m²
Lille 59000 (Wazemmes)",Lille 59000 (Wazemmes),494 €
"Appartement 2 pièces 48 m²
Lille 59000 (Centre-ville - Euralille)",Lille 59000 (Centre-ville - Euralille),890 €
"Appartement 3 pièces 74 m²
Lille 59000 (Wazemmes)",Lille 59000 (Wazemmes),691 €
"Appartement 2 pièces 38 m²
Lille 59000 (Centre-ville - Euralille)",Lille 59000 (Centre-ville - Euralille),720 €
"Appartement 2 pièces 56 m²
Lille 59000 (Bois Blanc)",Lille 59000 (Bois Blanc),492 €
"Appartement 1 pièce 29 m²
Lille 59000 (Vauban - Esquermes)",Lille 59000 (Vauban - Esquermes),629 €
"Appartement 2 pièces 44 m²
Lille 59000 (Lille-Sud)",Lille 59000 (Lille-Sud),758 €
"Appartement 2 pièces 49 m²
Lille 59800 (Centre-ville - Euralille)",Lille 59800 (Centre-ville - Euralille),582 €
"Appartement 2 pièces 63 m²
Lille 59000 (Lille-Sud)",Lille 59000 (Lille-Sud),640 €
"Appartement meublé 2 pièces 36 m²
Lille 59800 (Vieux Lille)",Lille 59800 (Vieux Lille),995 €
"Appartement 3 pièces 86 m²
Lomme 59160 (Mont à Camp - Marais)",Lomme 59160 (Mont à Camp - Marais),419 €
"Studio 19 m²
Lille 59800 (Wazemmes)",Lille 59800 (Wazemmes),687 €
"Appartement 2 pièces 43 m²
Lille 59777 (Centre-ville - Euralille)",Lille 59777 (Centre-ville - Euralille),733 €
"Appartement 2 pièces 48 m²
Lille 59800 (Centre-ville - Euralille)",Lille 59800 (Centre-ville - Euralille),1 800 €
"Appartement 4 pièces 128 m²
Lille 59800 (Centre-ville - Euralille)",Lille 59800 (Centre-ville - Euralille),615 €
"Appartement 2 pièces 49 m²
Lomme 59160 (Mont à Camp - Marais)",Lomme 59160 (Mont à Camp - Marais),1 200 €
"Appartement 4 pièces 86 m²
Marcq-en-Barœul 59700 (Saint-Maurice - Pellevoisin)",Marcq-en-Barœul 59700 (Saint-Maurice - Pellevoisin),458 €
"Appartement 2 pièces 19 m²
Lille 59800 (Fives)",Lille 59800 (Fives),720 €
"Appartement 2 pièces 56 m²
Lille 59000 (Bois Blanc)",Lille 59000 (Bois Blanc),1 241 €
"Duplex 5 pièces 89 m²
Lille 59000 (Moulins)",Lille 59000 (Moulins),526 €
"Studio 31 m²
Lille 59000 (Wazemmes)",Lille 59000 (Wazemmes),494 €
"Appartement 1 pièce 30 m²
Lille 59000 (Moulins)",Lille 59000 (Moulins),590 €
"Appartement 2 pièces 48 m²
Lille 59800 (Vieux Lille)",Lille 59800 (Vieux Lille),426 €
"Studio 24 m²
Lille 59800 (Vieux Lille)",Lille 59800 (Vieux Lille),718 €
"Appartement 3 pièces 61 m²
Lille 59000 (Moulins)",Lille 59000 (Moulins),860 €
"Appartement 3 pièces 60 m²
Lille 59000 (Bois Blanc)",Lille 59000 (Bois Blanc),651 €
"Appartement 2 pièces 42 m²
Lille 59000 (Bois Blanc)",Lille 59000 (Bois Blanc),590 €
"Appartement 2 pièces 40 m²
Hellemmes-Lille 59260",Hellemmes-Lille 59260,530 €
"Appartement 2 pièces 37 m²
Lille 59000 (Lille-Sud)",Lille 59000 (Lille-Sud),540 €
"Appartement 1 pièce 36 m²
Lille 59000 (Lille-Sud)",Lille 59000 (Lille-Sud),571 €
"Appartement 2 pièces 57 m²
Lille 59000 (Lille-Sud)",Lille 59000 (Lille-Sud),892 €
"Appartement 4 pièces 81 m²
Lomme 59160 (Mitterie)",Lomme 59160 (Mitterie),1 429 €
"Appartement 5 pièces 128 m²
Lille 59000 (Lille-Sud)",Lille 59000 (Lille-Sud),600 €
"Appartement 2 pièces 38 m²
Lille 59000 (Wazemmes)",Lille 59000 (Wazemmes),495 €
"Appartement 1 pièce 39 m²
Lomme 59160 (Sud Marais)",Lomme 59160 (Sud Marais),490 €
"Appartement 1 pièce 39 m²
Lomme 59160 (Sud Marais)",Lomme 59160 (Sud Marais),910 €
"Appartement 3 pièces 64 m²
Lille 59260 (Hellemmes Centre-ville - Pavé du Moulin)",Lille 59260 (Hellemmes Centre-ville - Pavé du Moulin),1 070 €
"Appartement 3 pièces 77 m²
Lille 59000 (Vieux Lille)",Lille 59000 (Vieux Lille),946 €
"Appartement 2 pièces 84 m²
Lille 59800 (Centre-ville - Euralille)",Lille 59800 (Centre-ville - Euralille),1 063 €
"Appartement 5 pièces 94 m²
Lomme 59160 (Mitterie)",Lomme 59160 (Mitterie),533 €
"Appartement 2 pièces 37 m²
Lille 59000 (Faubourg de Béthune)",Lille 59000 (Faubourg de Béthune),703 €
"Appartement meublé 3 pièces 80 m²
Lille 59000 (Lille-Sud)",Lille 59000 (Lille-Sud),691 €
"Appartement 2 pièces 39 m²
Lille 59000 (Centre-ville - Euralille)",Lille 59000 (Centre-ville - Euralille),458 €
"Appartement 2 pièces 19 m²
Lille 59800 (Fives)",Lille 59800 (Fives),2 200 €
"Appartement 4 pièces 188 m²
Lille 59000 (Vauban - Esquermes)",Lille 59000 (Vauban - Esquermes),976 €
"Appartement 4 pièces 77 m²
Lille 59000 (Moulins)",Lille 59000 (Moulins),1 284 €
"Appartement 4 pièces 93 m²
Lille 59000 (Centre-ville - Euralille)",Lille 59000 (Centre-ville - Euralille),823 €
"Appartement 3 pièces 67 m²
Lille 59000 (Wazemmes)",Lille 59000 (Wazemmes),901 €
"Appartement 4 pièces 76 m²
Lille 59000 (Wazemmes)",Lille 59000 (Wazemmes),792 €
"Appartement 3 pièces 64 m²
Lomme 59160 (Mitterie)",Lomme 59160 (Mitterie),636 €
"Appartement 2 pièces 41 m²
Lille 59000 (Moulins)",Lille 59000 (Moulins),1 088 €
"Appartement 4 pièces 97 m²
Lille 59000 (Moulins)",Lille 59000 (Moulins),758 €
"Appartement 3 pièces 75 m²
Lille 59000 (Saint-Maurice - Pellevoisin)",Lille 59000 (Saint-Maurice - Pellevoisin),1 140 €
"Appartement meublé 3 pièces 55 m²
Lille 59000 (Centre-ville - Euralille)",Lille 59000 (Centre-ville - Euralille),480 €
"Appartement 1 pièce 24 m²
Lille 59000 (Centre-ville - Euralille)",Lille 59000 (Centre-ville - Euralille),462 €
"Studio 21 m²
Lille 59000 (Wazemmes)",Lille 59000 (Wazemmes),944 €
"Appartement 3 pièces 75 m²
Lille 59000 (Moulins)",Lille 59000 (Moulins),949 €
"Appartement 3 pièces 75 m²
Lille 59000 (Moulins)",Lille 59000 (Moulins),680 €
"Appartement meublé 2 pièces 36 m²
Lille 59000 (Wazemmes)",Lille 59000 (Wazemmes),650 €
"Appartement 2 pièces 40 m²
Lille 59000 (Centre-ville - Euralille)",Lille 59000 (Centre-ville - Euralille),931 €
"Appartement 4 pièces 71 m²
Lille 59000 (Centre-ville - Euralille)",Lille 59000 (Centre-ville - Euralille),510 €
"Studio 31 m²
Lille 59000 (Wazemmes)",Lille 59000 (Wazemmes),575 €
"Appartement 2 pièces 34 m²
Lille 59000 (Wazemmes)",Lille 59000 (Wazemmes),620 €
"Appartement 2 pièces 38 m²
Lille 59000 (Wazemmes)",Lille 59000 (Wazemmes),700 €
"Appartement 2 pièces 42 m²
Lille 59000 (Saint-Maurice - Pellevoisin)",Lille 59000 (Saint-Maurice - Pellevoisin),570 €
"Appartement meublé 3 pièces 27 m²
Lille 59000 (Centre-ville - Euralille)",Lille 59000 (Centre-ville - Euralille),695 €
"Appartement 2 pièces 52 m²
Lille 59000 (Bois Blanc)",Lille 59000 (Bois Blanc),815 €
"Appartement 3 pièces 67 m²
Lille 59000 (Lille-Sud)",Lille 59000 (Lille-Sud),910 €
"Appartement 3 pièces 71 m²
Lille 59000 (Vauban - Esquermes)",Lille 59000 (Vauban - Esquermes),526 €
"Studio 31 m²
Lille 59000 (Wazemmes)",Lille 59000 (Wazemmes),680 €
"Appartement 2 pièces 49 m²
Lille 59000 (Bois Blanc)",Lille 59000 (Bois Blanc),1 027 €
"Appartement 5 pièces 121 m²
Lille 59000 (Wazemmes)",Lille 59000 (Wazemmes),877 €
"Appartement 2 pièces 86 m²
Lille 59000 (Centre-ville - Euralille)",Lille 59000 (Centre-ville - Euralille),626 €
"Appartement 2 pièces 43 m²
Lille 59000 (Wazemmes)",Lille 59000 (Wazemmes),935 €
"Appartement 3 pièces 84 m²
Lille 59000 (Vauban - Esquermes)",Lille 59000 (Vauban - Esquermes),790 €
"Appartement 2 pièces 48 m²
Lille 59000 (Vauban - Esquermes)",Lille 59000 (Vauban - Esquermes),700 €
"Appartement 2 pièces 46 m²
Lille 59000 (Wazemmes)",Lille 59000 (Wazemmes),530 €
"Appartement meublé 1 pièce 27 m²
Lille 59000 (Moulins)",Lille 59000 (Moulins),2 800 €
"Appartement 5 pièces 220 m²
Lille 59800 (Saint-Maurice - Pellevoisin)",Lille 59800 (Saint-Maurice - Pellevoisin),519 €
"Appartement meublé 1 pièce 21 m²
Euralille 59777 (Centre-ville - Euralille)",Euralille 59777 (Centre-ville - Euralille),695 €
"Appartement 3 pièces 52 m²
Lille 59000 (Moulins)",Lille 59000 (Moulins),518 €
"Studio 35 m²
Lille 59000 (Fives)",Lille 59000 (Fives),540 €
"Studio 36 m²
Lille 59800 (Centre-ville - Euralille)",Lille 59800 (Centre-ville - Euralille),670 €
"Appartement 2 pièces 43 m²
Lille 59000 (Fives)",Lille 59000 (Fives),695 €
"Appartement 2 pièces 40 m²
Lille 59000 (Vauban - Esquermes)",Lille 59000 (Vauban - Esquermes),660 €
"Appartement 2 pièces 49 m²
Lille 59000 (Wazemmes)",Lille 59000 (Wazemmes),790 €
"Appartement 3 pièces 68 m²
Lille 59000 (Lille-Sud)",Lille 59000 (Lille-Sud),490 €
"Appartement 1 pièce 32 m²
Lille 59800 (Saint-Maurice - Pellevoisin)",Lille 59800 (Saint-Maurice - Pellevoisin),727 €
"Appartement 2 pièces 48 m²
Lille 59000 (Wazemmes)",Lille 59000 (Wazemmes),1 262 €
"Maison 4 pièces 90 m²
Lille 59000 (Saint-Maurice - Pellevoisin)",Lille 59000 (Saint-Maurice - Pellevoisin),890 €
"Appartement 3 pièces 68 m²
Lille 59000 (Bois Blanc)",Lille 59000 (Bois Blanc),630 €
"Appartement 2 pièces 34 m²
Lille 59000 (Wazemmes)",Lille 59000 (Wazemmes),593 €
"Appartement 3 pièces 45 m²
Lille 59000 (Vauban - Esquermes)",Lille 59000 (Vauban - Esquermes),700 €
"Appartement 2 pièces 50 m²
Lille 59000 (Vauban - Esquermes)",Lille 59000 (Vauban - Esquermes),630 €
"Appartement 2 pièces 50 m²
Lille 59000 (Centre-ville - Euralille)",Lille 59000 (Centre-ville - Euralille),720 €
"Appartement 2 pièces 56 m²
Lille 59000 (Bois Blanc)",Lille 59000 (Bois Blanc),526 €
"Studio 31 m²
Lille 59000 (Wazemmes)",Lille 59000 (Wazemmes),581 €
"Appartement 2 pièces 28 m²
Lille 59800 (Centre-ville - Euralille)",Lille 59800 (Centre-ville - Euralille),475 €
"Studio 23 m²
Lille 59000 (Fives)",Lille 59000 (Fives),438 €
"Appartement meublé 1 pièce 18 m²
Lille 59800 (Centre-ville - Euralille)",Lille 59800 (Centre-ville - Euralille),790 €
"Appartement 2 pièces 47 m²
Lille 59000 (Centre-ville - Euralille)",Lille 59000 (Centre-ville - Euralille),649 €
"Appartement 2 pièces 46 m²
Lille 59000 (Lille-Sud)",Lille 59000 (Lille-Sud),662 €
"Appartement 2 pièces 47 m²
Lille 59000 (Vauban - Esquermes)",Lille 59000 (Vauban - Esquermes),626 €
"Appartement meublé 1 pièce 30 m²
Lille 59000 (Centre-ville - Euralille)",Lille 59000 (Centre-ville - Euralille),934 €
"Appartement 3 pièces 79 m²
Lille 59000 (Saint-Maurice - Pellevoisin)",Lille 59000 (Saint-Maurice - Pellevoisin),730 €
"Appartement 2 pièces 38 m²
Lille 59000 (Fives)",Lille 59000 (Fives),893 €
"Appartement 2 pièces 61 m²
Lille 59800 (Centre-ville - Euralille)",Lille 59800 (Centre-ville - Euralille),640 €
"Appartement 2 pièces 47 m²
Lille 59000 (Wazemmes)",Lille 59000 (Wazemmes),695 €
"Appartement 3 pièces 71 m²
Lille 59000 (Fives)",Lille 59000 (Fives),500 €
"Appartement meublé 1 pièce 24 m²
Lille 59000 (Wazemmes)",Lille 59000 (Wazemmes),902 €
"Appartement 3 pièces 67 m²
Lille 59000 (Lille-Sud)",Lille 59000 (Lille-Sud),718 €
"Appartement 3 pièces 50 m²
Lomme 59160 (Mitterie)",Lomme 59160 (Mitterie),587 €
"Appartement 2 pièces 60 m²
Lille 59800 (Fives)",Lille 59800 (Fives),652 €
"Appartement 2 pièces 42 m²
Lille 59000 (Wazemmes)",Lille 59000 (Wazemmes),599 €
"Studio meublé 20 m²
Lille 59800 (Centre-ville - Euralille)",Lille 59800 (Centre-ville - Euralille),920 €
"Appartement 4 pièces 77 m²
Lomme 59160 (Mitterie)",Lomme 59160 (Mitterie),900 €
"Appartement 3 pièces 70 m²
Lille 59160 (Sud Marais)",Lille 59160 (Sud Marais),740 €
"Maison 4 pièces 74 m²
Lille 59000 (Fives)",Lille 59000 (Fives),1 007 €
"Appartement 4 pièces 98 m²
Lille 59000 (Faubourg de Béthune)",Lille 59000 (Faubourg de Béthune),888 €
"Appartement 2 pièces 65 m²
Lille 59800 (Vieux Lille)",Lille 59800 (Vieux Lille),665 €
"Appartement 3 pièces 50 m²
Lille 59000 (Fives)",Lille 59000 (Fives),526 €
"Studio 31 m²
Lille 59000 (Wazemmes)",Lille 59000 (Wazemmes),593 €
"Appartement 3 pièces 45 m²
Lille 59000 (Vauban - Esquermes)",Lille 59000 (Vauban - Esquermes),540 €
"Studio 25 m²
Lille 59800 (Wazemmes)",Lille 59800 (Wazemmes),712 €
"Appartement 2 pièces 49 m²
Lille 59000 (Vauban - Esquermes)",Lille 59000 (Vauban - Esquermes),595 €
"Appartement 2 pièces 33 m²
Lille 59000 (Lille-Sud)",Lille 59000 (Lille-Sud),629 €
"Appartement 2 pièces 49 m²
Lomme 59160 (Mitterie)",Lomme 59160 (Mitterie),894 €
"Appartement 3 pièces 54 m²
Lille 59000 (Vieux Lille)",Lille 59000 (Vieux Lille),560 €
"Appartement meublé 1 pièce 22 m²
Lille 59800 (Vieux Lille)",Lille 59800 (Vieux Lille),559 €
"Appartement meublé 2 pièces 30 m²
Lille 59000 (Moulins)",Lille 59000 (Moulins),610 €
"Appartement 2 pièces 41 m²
Hellemmes-Lille 59260 (Hellemmes Centre-ville - Pavé du Moulin)",Hellemmes-Lille 59260 (Hellemmes Centre-ville - Pavé du Moulin),910 €
"Appartement 4 pièces 80 m²
Hellemmes-Lille 59260 (Hellemmes Centre-ville - Pavé du Moulin)",Hellemmes-Lille 59260 (Hellemmes Centre-ville - Pavé du Moulin),770 €
"Appartement 3 pièces 67 m²
Hellemmes-Lille 59260 (Hellemmes Centre-ville - Pavé du Moulin)",Hellemmes-Lille 59260 (Hellemmes Centre-ville - Pavé du Moulin),748 €
"Appartement 2 pièces 48 m²
Lille 59000 (Saint-Maurice - Pellevoisin)",Lille 59000 (Saint-Maurice - Pellevoisin),529 €
"Appartement 1 pièce 35 m²
Lille 59000 (Centre-ville - Euralille)",Lille 59000 (Centre-ville - Euralille),811 €
"Appartement 3 pièces 65 m²
Lille 59000 (Wazemmes)",Lille 59000 (Wazemmes),480 €
"Studio meublé 19 m²
Lille 59000 (Faubourg de Béthune)",Lille 59000 (Faubourg de Béthune),699 €
"Appartement 2 pièces 56 m²
Lomme 59160 (Mitterie)",Lomme 59160 (Mitterie),604 €
"Appartement 2 pièces 50 m²
Lille 59000 (Lille-Sud)",Lille 59000 (Lille-Sud),710 €
"Appartement 2 pièces 49 m²
Lille 59000 (Wazemmes)",Lille 59000 (Wazemmes),830 €
"Appartement 3 pièces 62 m²
Lomme 59160 (Sud Marais)",Lomme 59160 (Sud Marais),395 €
"Appartement 2 pièces 31 m²
Lomme 59160 (Sud Marais)",Lomme 59160 (Sud Marais),841 €
"Appartement 3 pièces 66 m²
Lille 59000 (Saint-Maurice - Pellevoisin)",Lille 59000 (Saint-Maurice - Pellevoisin),700 €
"Appartement 2 pièces 51 m²
Lomme 59160 (Bourg - Délivrance)",Lomme 59160 (Bourg - Délivrance),975 €
"Appartement 3 pièces 70 m²
Lille 59000 (Wazemmes)",Lille 59000 (Wazemmes),560 €
"Appartement 2 pièces 34 m²
Lille 59000 (Bourg - Délivrance)",Lille 59000 (Bourg - Délivrance),760 €
"Appartement 2 pièces 50 m²
Lille 59000 (Vauban - Esquermes)",Lille 59000 (Vauban - Esquermes),2 200 €
"Appartement 4 pièces 188 m²
Lille 59000 (Vauban - Esquermes)",Lille 59000 (Vauban - Esquermes),526 €
"Studio 31 m²
Lille 59000 (Wazemmes)",Lille 59000 (Wazemmes),455 €
"Studio 31 m²
Lille 59000 (Lille-Sud)",Lille 59000 (Lille-Sud),660 €
"Appartement 2 pièces 44 m²
Lille 59000 (Vauban - Esquermes)",Lille 59000 (Vauban - Esquermes),505 €
"Studio meublé 19 m²
Lille 59000 (Wazemmes)",Lille 59000 (Wazemmes),510 €
"Studio meublé 24 m²
Lille 59000 (Wazemmes)",Lille 59000 (Wazemmes),570 €
"Studio meublé 29 m²
Lille 59000 (Moulins)",Lille 59000 (Moulins),670 €
"Appartement 2 pièces 49 m²
Lille 59000 (Wazemmes)",Lille 59000 (Wazemmes),569 €
"Appartement 2 pièces 37 m²
Lille 59000 (Centre-ville - Euralille)",Lille 59000 (Centre-ville - Euralille),481 €
"Appartement 1 pièce 19 m²
Lille 59000 (Faubourg de Béthune)",Lille 59000 (Faubourg de Béthune),580 €
"Studio meublé 23 m²
Lille 59000 (Wazemmes)",Lille 59000 (Wazemmes),670 €
"Appartement 2 pièces 39 m²
Lille 59000 (Hellemmes - Barrière)",Lille 59000 (Hellemmes - Barrière),713 €
"Appartement 2 pièces 52 m²
Lille 59000 (Vieux Lille)",Lille 59000 (Vieux Lille),665 €
"Appartement 2 pièces 44 m²
Lille 59000 (Centre-ville - Euralille)",Lille 59000 (Centre-ville - Euralille),661 €
"Appartement 2 pièces 53 m²
Lille 59000 (Bois Blanc)",Lille 59000 (Bois Blanc),912 €
"Appartement 3 pièces 74 m²
Lille 59000 (Vieux Lille)",Lille 59000 (Vieux Lille),690 €
"Appartement 2 pièces 42 m²
Lille 59000 (Hellemmes - Barrière)",Lille 59000 (Hellemmes - Barrière),811 €
"Appartement 2 pièces 52 m²
Lille 59800 (Vauban - Esquermes)",Lille 59800 (Vauban - Esquermes),540 €
"Appartement 2 pièces 43 m²
Hellemmes-Lille 59260 (Hellemmes Centre-ville - Pavé du Moulin)",Hellemmes-Lille 59260 (Hellemmes Centre-ville - Pavé du Moulin),470 €
"Appartement 1 pièce 26 m²
Lille 59000 (Wazemmes)",Lille 59000 (Wazemmes),1 245 €
"Duplex 4 pièces 83 m²
Lille 59000 (Centre-ville - Euralille)",Lille 59000 (Centre-ville - Euralille),500 €
"Studio 26 m²
Lille 59000 (Centre-ville - Euralille)",Lille 59000 (Centre-ville - Euralille),1 060 €
"Appartement 3 pièces 76 m²
Lille 59000 (Saint-Maurice - Pellevoisin)",Lille 59000 (Saint-Maurice - Pellevoisin),798 €
"Appartement 2 pièces 56 m²
Lille 59000 (Moulins)",Lille 59000 (Moulins),932 €
"Appartement 3 pièces 75 m²
Lille 59000 (Moulins)",Lille 59000 (Moulins),1 060 €
"Appartement 4 pièces 97 m²
Lille 59000 (Moulins)",Lille 59000 (Moulins),526 €
"Studio 31 m²
Lille 59000 (Wazemmes)",Lille 59000 (Wazemmes),720 €
"Appartement 2 pièces 56 m²
Lille 59000 (Bois Blanc)",Lille 59000 (Bois Blanc),1 212 €
"Appartement 5 pièces 113 m²
Lille 59000 (Moulins)",Lille 59000 (Moulins),669 €
"Appartement 2 pièces 58 m²
Hellemmes-Lille 59260 (Hellemmes Centre-ville - Pavé du Moulin)",Hellemmes-Lille 59260 (Hellemmes Centre-ville - Pavé du Moulin),790 €
"Appartement 3 pièces 65 m²
Lille 59000 (Centre-ville - Euralille)",Lille 59000 (Centre-ville - Euralille),757 €
"Appartement 2 pièces 50 m²
Lille 59000 (Centre-ville - Euralille)",Lille 59000 (Centre-ville - Euralille),630 €
"Studio 31 m²
Lille 59000",Lille 59000,850 €
"Appartement 3 pièces 65 m²
Lille 59000 (Moulins)",Lille 59000 (Moulins),605 €
"Studio 29 m²
Lille 59000 (Centre-ville - Euralille)",Lille 59000 (Centre-ville - Euralille),427 €
"Studio 18 m²
Lille 59000 (Vauban - Esquermes)",Lille 59000 (Vauban - Esquermes),300 €
"Appartement 1 pièce 9 m²
Lille 59800 (Centre-ville - Euralille)",Lille 59800 (Centre-ville - Euralille),810 €
"Appartement 3 pièces 64 m²
Lille 59800 (Saint-Maurice - Pellevoisin)",Lille 59800 (Saint-Maurice - Pellevoisin),490 €
"Appartement 1 pièce 18 m²
Lille 59000 (Moulins)",Lille 59000 (Moulins),2 505 €
"Appartement 6 pièces 204 m²
Lille 59000 (Centre-ville - Euralille)",Lille 59000 (Centre-ville - Euralille),582 €
"Appartement 2 pièces 50 m²
Lille 59000 (Lille-Sud)",Lille 59000 (Lille-Sud),458 €
"Appartement 2 pièces 19 m²
Lille 59800 (Fives)",Lille 59800 (Fives),801 €
"Appartement 2 pièces 56 m²
Lille 59000 (Moulins)",Lille 59000 (Moulins),947 €
"Appartement 3 pièces 75 m²
Lille 59000 (Moulins)",Lille 59000 (Moulins),1 450 €
"Appartement 6 pièces 176 m²
Lille 59000 (Wazemmes)",Lille 59000 (Wazemmes),445 €
"Studio 21 m²
Lille 59000 (Moulins)",Lille 59000 (Moulins),750 €
"Appartement 3 pièces 54 m²
Lille 59000 (Vauban - Esquermes)",Lille 59000 (Vauban - Esquermes),663 €
"Appartement 2 pièces 41 m²
Lille 59000 (Moulins)",Lille 59000 (Moulins),801 €
"Appartement 2 pièces 56 m²
Lille 59000 (Moulins)",Lille 59000 (Moulins),898 €
"Appartement 4 pièces 103 m²
Lille 59000 (Lille-Sud)",Lille 59000 (Lille-Sud),670 €
"Appartement 2 pièces 46 m²
Lille 59000 (Vauban - Esquermes)",Lille 59000 (Vauban - Esquermes),953 €
"Appartement 3 pièces 68 m²
Lille 59000 (Vieux Lille)",Lille 59000 (Vieux Lille),111 051 à 317 000 €
"EDENIUM (appartements neufs 2 à 5 pièces)
Lille 59000 (Lille-Sud)",Lille 59000 (Lille-Sud),170 000 à 385 000 €
"VILL'ARBOREA (appartements neufs 1 à 5 pièces)
Lille 59160 (Bourg - Délivrance)",Lille 59160 (Bourg - Délivrance),176 400 à 316 320 €
"LILLE VILLA ULMA (appartements neufs 1 à 3 pièces)
Lomme 59160",Lomme 59160,111 051 à 317 000 €
"EDENIUM (appartements neufs 2 à 5 pièces)
Lille 59000 (Lille-Sud)",Lille 59000 (Lille-Sud),167 000 à 347 000 €
"PARENTHESE VERTE (appartements neufs 1 à 4 pièces)
Lille 59000 (Lille-Sud)",Lille 59000 (Lille-Sud),390 000 à 680 000 €
"LES VILLAS DE LA VISSERIE (3 à 5 pièces)
Lille 59000 (Centre-ville - Euralille)",Lille 59000 (Centre-ville - Euralille),233 500 à 246 500 €
"PAVILLON DU JARDIN DES PLANTES (appartements neufs 3 pièces)
Lille 59000 (Moulins)",Lille 59000 (Moulins),119 000 à 203 000 €
"L'INTERLUDE (appartements neufs 1 à 3 pièces)
Lille 59000 (Fives)",Lille 59000 (Fives),198 000 à 248 000 €
"LES JARDINS BO'TANIC (appartements neufs 2 à 3 pièces)
Lomme 59160 (Sud Marais)",Lomme 59160 (Sud Marais),à partir de 299 000 €
"Synésens (appartements neufs 2 à 5 pièces)
Lille 59000 (Centre-ville - Euralille)",Lille 59000 (Centre-ville - Euralille),189 000 à 312 000 €
"RESIDENCE QWEST HELLEMMES (appartements neufs 2 à 4 pièces)
Hellemmes-Lille 59260 (Hellemmes Centre-ville - Pavé du Moulin)",Hellemmes-Lille 59260 (Hellemmes Centre-ville - Pavé du Moulin),97 777 à 287 000 €
"Green Square (appartements neufs 2 à 5 pièces)
Lille 59000 (Lille-Sud)",Lille 59000 (Lille-Sud),à partir de 303 000 €
"Quartier Latin (appartements neufs 3 à 4 pièces)
Lille 59000 (Centre-ville - Euralille)",Lille 59000 (Centre-ville - Euralille),351 000 à 640 000 €
"CONVERGENCE (appartements neufs 3 à 4 pièces)
Lille 59000 (Centre-ville - Euralille)",Lille 59000 (Centre-ville - Euralille),325 000 à 430 000 €
"LE PARVIS (appartements neufs 3 à 4 pièces)
Lille 59000 (Saint-Maurice - Pellevoisin)",Lille 59000 (Saint-Maurice - Pellevoisin),163 000 à 245 000 €
"Grafik (appartements neufs 2 à 3 pièces)
Lomme 59160 (Bourg - Délivrance)",Lomme 59160 (Bourg - Délivrance),345 400 €
"Montaigne (appartement neuf 4 pièces, 83 m²)
Lomme 59160 (Moulins)",Lomme 59160 (Moulins),113 550 à 209 345 €
"Jules Verne (appartements neufs 2 à 5 pièces)
Lille 59000 (Lille-Sud)",Lille 59000 (Lille-Sud),342 900 €
"TOPAZE (appartement neuf 4 pièces, 83 m²)
Lomme 59160 (Bourg - Délivrance)",Lomme 59160 (Bourg - Délivrance),338 000 à 440 000 €
"CONVERGENCE (appartements neufs 3 à 4 pièces)
Lille 59000 (Saint-Maurice - Pellevoisin)",Lille 59000 (Saint-Maurice - Pellevoisin),175 000 à 241 000 €
"Magnolia (appartements neufs 1 à 2 pièces)
Lomme 59160 (Bourg - Délivrance)",Lomme 59160 (Bourg - Délivrance),125 000 à 283 000 €
"Hélène (appartements neufs 1 à 4 pièces)
Hellemmes-Lille 59260 (Hellemmes Centre-ville - Pavé du Moulin)",Hellemmes-Lille 59260 (Hellemmes Centre-ville - Pavé du Moulin),134 000 à 309 000 €
"LES JARDINS DE LOMME (appartements neufs 1 à 4 pièces)
Lomme 59160 (Mitterie)",Lomme 59160 (Mitterie),200 000 à 437 000 €
"LES JARDINS DE RONSARD (appartements neufs 2 à 4 pièces)
Lomme 59160 (Bourg - Délivrance)",Lomme 59160 (Bourg - Délivrance),208 000 à 259 900 €
"INTENCITY (appartements neufs 2 à 3 pièces)
Lille 59000 (Moulins)",Lille 59000 (Moulins),111 051 à 317 000 €
"EDENIUM (appartements neufs 2 à 5 pièces)
Lille 59000 (Lille-Sud)",Lille 59000 (Lille-Sud),235 500 à 410 000 €
"L'INSTITUT (appartements neufs 2 à 4 pièces)
Lille 59000 (Centre-ville - Euralille)",Lille 59000 (Centre-ville - Euralille),540 800 à 570 233 €
"HANGOUART (appartements neufs 3 à 5 pièces)
Lille 59000 (Vieux Lille)",Lille 59000 (Vieux Lille),369 000 €
"EMBLEM (appartements neufs 1 à 5 pièces)
Lille 59000 (Centre-ville - Euralille)",Lille 59000 (Centre-ville - Euralille),248 000 €
"VILLA DES ARTS (appartement neuf 3 pièces, 73 m²)
Lille 59000 (Centre-ville - Euralille)",Lille 59000 (Centre-ville - Euralille),238 000 à 298 000 €
"Le Rubix (appartement neuf 3 pièces, 64 m²)
Lille 59000 (Lille-Sud)",Lille 59000 (Lille-Sud),171 000 €
"So Home (appartements neufs 4 à 5 pièces)
Lille 59000 (Lille-Sud)",Lille 59000 (Lille-Sud),313 900 à 430 900 €
"Appartement neuf 5 pièces
Lille 59800 (Fives)",Lille 59800 (Fives),171 000 à 384 500 €
"Programme Immobilier à LILLE (appartements neufs 3 à 4 pièces)
Lille 59000 (Bourg - Délivrance)",Lille 59000 (Bourg - Délivrance),257 250 €
"Programme Immobilier à LILLE (appartements neufs 2 à 5 pièces)
Lille 59000 (Wazemmes)",Lille 59000 (Wazemmes),222 750 à 434 775 €
"Appartement neuf 2 pièces 42 m²
Lille 59800 (Centre-ville - Euralille)",Lille 59800 (Centre-ville - Euralille),
"Lille Centre (appartements neufs 2 à 5 pièces)
Lille 59000",Lille 59000,
